﻿<Data>
  <!-- Armour materials -->
  <MaterialType Name="Carbon Fibre">
    <MassMod>0.8</MassMod>
    <CostMod>0.7</CostMod>
    <ArmourMod>0.6</ArmourMod>
    <Rarity>0.7</Rarity>
    <Desc>Carbon fibre is cheap, light and plentiful, but doesn't offer much protection.</Desc>
  </MaterialType>
  <MaterialType Name="Steel">
    <MassMod>1.2</MassMod>
    <CostMod>1</CostMod>
    <ArmourMod>1</ArmourMod>
    <Rarity>1.0</Rarity>
    <Desc>Steel is a cheap and fairly heavy metal.</Desc>
  </MaterialType>
  <MaterialType Name="Kevlar">
    <MassMod>0.8</MassMod>
    <CostMod>2.0</CostMod>
    <ArmourMod>1.1</ArmourMod>
    <Rarity>0.6</Rarity>
    <Desc>Kevlar is a light and highly-protective material often used for armour.</Desc>
  </MaterialType>
  <MaterialType Name="Composite">
    <MassMod>0.9</MassMod>
    <CostMod>3.0</CostMod>
    <ArmourMod>1.4</ArmourMod>
    <Rarity>0.25</Rarity>
    <Desc>Composite materials made from metals, fabrics and precision alloys.</Desc>
  </MaterialType>
  <MaterialType Name="Nanomesh">
    <MassMod>0.7</MassMod>
    <CostMod>6</CostMod>
    <ArmourMod>1.9</ArmourMod>
    <Rarity>0.04</Rarity>
    <Desc>Nanomesh is made from fine carbon nanotubes. It is light and very strong.</Desc>
  </MaterialType>
  <MaterialType Name="Mithril">
    <MassMod>0.85</MassMod>
    <CostMod>12</CostMod>
    <ArmourMod>2.4</ArmourMod>
    <Rarity>0.02</Rarity>
    <Desc>Mithril is an advanced alloy with exceptionally high strength and relatively low density.</Desc>
  </MaterialType>
  <MaterialType Name="Adamantium">
    <MassMod>1.2</MassMod>
    <CostMod>20</CostMod>
    <ArmourMod>3.0</ArmourMod>
    <Rarity>0.005</Rarity>
    <Desc>Adamantium is a weighty but highly resistant nano-engineered metallic substance.</Desc>
  </MaterialType>
  <MaterialType Name="Ultramesh">
    <MassMod>0.75</MassMod>
    <CostMod>18</CostMod>
    <ArmourMod>2.5</ArmourMod>
    <Rarity>0.005</Rarity>
    <Desc>Ultramesh is made from fine carbon nanotubes, precision nano-engineered for maximum strength and minimum density.</Desc>
  </MaterialType>
  <MaterialType Name="Aeromesh">
    <MassMod>0.5</MassMod>
    <CostMod>18</CostMod>
    <ArmourMod>2.0</ArmourMod>
    <Rarity>0.005</Rarity>
    <Desc>Ultramesh is made from fine carbon nanotubes, merged with ultra-strong aerogel to give good strength and superbly low density.</Desc>
  </MaterialType>
  <!-- Non-armour materials -->
  <MaterialType Name="Silicates">
    <CostMod>1.5</CostMod>
    <Rarity>0.01</Rarity>
    <Desc>Silicates</Desc>
    <UnitMass>0.5</UnitMass>
  </MaterialType>
  <MaterialType Name="Aluminium">
    <CostMod>1.5</CostMod>
    <Rarity>0.1</Rarity>
    <UnitMass>0.5</UnitMass>
    <Desc>Aluminium</Desc>
  </MaterialType>
  <MaterialType Name="Tungsten">
    <CostMod>5.0</CostMod>
    <Rarity>0.03</Rarity>
    <UnitMass>0.1</UnitMass>
    <Desc>Tungsten</Desc>
  </MaterialType>
  <MaterialType Name="Uranium">
    <CostMod>10.0</CostMod>
    <Rarity>0.01</Rarity>
    <UnitMass>0.001</UnitMass>
    <Desc>Uranium</Desc>
  </MaterialType>
  <MaterialType Name="Water">
    <CostMod>0.1</CostMod>
    <Rarity>0.05</Rarity>
    <Desc>Water</Desc>
  </MaterialType>
  <MaterialType Name="Carbon">
    <CostMod>0.5</CostMod>
    <Rarity>0.05</Rarity>
    <Desc>Carbon</Desc>
  </MaterialType>
  <MaterialType Name="Rare Earth Metals">
    <CostMod>6.0</CostMod>
    <Desc>Rare Earth Metals</Desc>
    <Rarity>0.05</Rarity>
    <UnitMass>0.1</UnitMass>
  </MaterialType>
  <MaterialType Name="Gold">
    <CostMod>20.0</CostMod>
    <Rarity>0.001</Rarity>
    <Desc>Gold</Desc>
    <UnitMass>0.01</UnitMass>
  </MaterialType>
  <MaterialType Name="Copper">
    <CostMod>2.0</CostMod>
    <Rarity>0.1</Rarity>
    <Desc>Copper</Desc>
    <UnitMass>0.5</UnitMass>
  </MaterialType>
  <MaterialType Name="Fabric">
    <CostMod>0.2</CostMod>
    <Rarity>1.0</Rarity>
    <Desc>Fabric</Desc>
  </MaterialType>
  <MaterialType Name="Plastic">
    <CostMod>0.4</CostMod>
    <Rarity>0.7</Rarity>
    <Desc>Plastic</Desc>
  </MaterialType>
  <MaterialType Name="Rubber">
    <CostMod>0.5</CostMod>
    <Rarity>0.9</Rarity>
    <Desc>Rubber</Desc>
  </MaterialType>
  <MaterialType Name="Crystals">
    <CostMod>4.0</CostMod>
    <Rarity>0.01</Rarity>
    <Desc>Energy Crystals</Desc>
    <UnitMass>0.1</UnitMass>
  </MaterialType>
  <MaterialType Name="Industrial Chemicals">
    <CostMod>6.0</CostMod>
    <Rarity>0.05</Rarity>
    <Desc>Industrial chemicals</Desc>
    <UnitMass>0.1</UnitMass>
  </MaterialType>
  <!-- Scavenged materials -->
  <MaterialType Name="Chitin">
    <MassMod>1.3</MassMod>
    <CostMod>1.5</CostMod>
    <ArmourMod>1.3</ArmourMod>
    <Rarity>0.05</Rarity>
    <BonusArmour>
      <Bonus Type="Physical" Amount="1"/>
    </BonusArmour>
    <Desc>Chitin is fashioned from the carapace of certain creatures and makes a tough armour, resistant to physical attacks.</Desc>
  </MaterialType>
  <MaterialType Name="Heavy Chitin">
    <MassMod>1.6</MassMod>
    <CostMod>1.9</CostMod>
    <ArmourMod>1.5</ArmourMod>
    <Rarity>0.02</Rarity>
    <BonusArmour>
      <Bonus Type="Physical" Amount="1"/>
    </BonusArmour>
    <Desc>Chitin is fashioned from the carapace of certain creatures and makes a tough armour, resistant to physical attacks.</Desc>
  </MaterialType>
  <MaterialType Name="Vulcanin">
    <MassMod>1.1</MassMod>
    <CostMod>11</CostMod>
    <ArmourMod>1.8</ArmourMod>
    <Rarity>0.001</Rarity>
    <BonusArmour>
      <Bonus Type="Fire" Amount="5"/>
    </BonusArmour>
    <Desc>Vulcanin is fashioned from the skin of extremely rare fire-resistant creatures, and makes a tough armour.</Desc>
  </MaterialType>
  <MaterialType Name="Xenolite">
    <MassMod>1.1</MassMod>
    <CostMod>11</CostMod>
    <ArmourMod>1.8</ArmourMod>
    <Rarity>0.001</Rarity>
    <BonusArmour>
      <Bonus Type="Acid" Amount="5"/>
    </BonusArmour>
    <Desc>Xenolite is fashioned from the skin of extremely rare acid-resistant creatures, and makes a tough armour.</Desc>
  </MaterialType>
  <MaterialType Name="Voidskin">
    <MassMod>0.8</MassMod>
    <CostMod>10</CostMod>
    <ArmourMod>1.3</ArmourMod>
    <Rarity>0.001</Rarity>
    <BonusArmour>
      <Bonus Type="Acid" Amount="1"/>
      <Bonus Type="Fire" Amount="4"/>
      <Bonus Type="Cold" Amount="4"/>
    </BonusArmour>
    <Desc>Voidskin is fashioned from the hide of rare void creatures. It is highly resistant and light.</Desc>
  </MaterialType>
</Data>
