﻿<Data>
  <Race>
    <Name>Human</Name>
    <Strength>12</Strength>
    <Agility>12</Agility>
    <Intellect>12</Intellect>
    <Toughness>12</Toughness>
    <Endurance>12</Endurance>
    <BaseTemp>293</BaseTemp>
    <PlanetType>Oceanic</PlanetType>
    <Colour>255,255,255</Colour>
    <Scale>1.0</Scale>
    <Names>
      <Personal>
        <Male>Andrew,Adam,Brian,Boris,Craig,Colin,Douglas,David,Evan,Edward,Frank,Freddy,Glen,Graham,Harvey,Harry,Ivan,Ian,Jack,John,Konrad,Kallum,Luke,Liam,Mark,Mel,Neil,Nick,Oliver,Owen,Patrick,Peter,Quentin,Quin,Richard,Robert,Simon,Steven,Thomas,Trey,Umberto,Uriah,Victor,Vincent,William,Winston,Xander,Xavier,Yoshi,Yank,Zach,Zeke</Male>
        <Female>Anna,Ava,Beth,Bridgit,Charlotte,Claire,Delilah,Diana,Emma,Eva,Faith,Frances,Gemima,Grace,Hannah,Harriet,Irina,Isabel,Jane,Julia,Kathy,Kayla,Lily,Louise,Mia,Michelle,Naomi,Natalie,Olivia,Oprah,Patricia,Penelope,Quenna,Quinn,Rachel,Riley,Sophie,Stacy,Taylor,Tracy,Una,Uma,Vera,Victoria,Wilma,Willow,Xantha,Ximena,Yanna,Yolanda,Zandra,Zoe</Female>
      </Personal>
      <Family>Adams,Atwood,Brown,Brook,Cooper,Connor,Davies,Dixon,Eastwood,Evans,Ferguson,Fox,Gibbs,Green,Harris,Hooper,Ireland,Irwin,Jackson,Jones,Kane,King,Leavitt,Lewis,Martin,Mills,Nicholson,Nolan,Osborne,Owen,Phillips,Porter,Quimby,Quick,Rawlings,Roberts,Simpson,Smith,Taylor,Trafford,Underhill,Upton,Vale,Vickers,Webster,White,Xanthos,Xao,Yeo,Young,Zara,Zhang</Family>
    </Names>
    <Description>Humans are bipedal, moderately sexually dimorphic mammals. They are approximately 150-180cm tall with a body mass ranging from 50-100kg on average</Description>
  </Race>
  <Race>
    <Name>Gokan</Name>
    <Strength>13</Strength>
    <Agility>10</Agility>
    <Intellect>12</Intellect>
    <Toughness>13</Toughness>
    <Endurance>12</Endurance>
    <BaseTemp>289</BaseTemp>
    <PlanetType>Oceanic</PlanetType>
    <Colour>255,0,0</Colour>
    <Scale>1.0</Scale>
    <Names>
      <Personal>
        <Male>Agkor,Began,Carg,Dokan,Erag,Farg,Grak,Horak,Koram,Logak,Merok,Nerak,Ogam,Pagrok,Rokam,Somak,Tarok</Male>
        <Female>Agkori,Begani,Cargi,Dokani,Eragi,Fargi,Graki,Horaki,Korami,Logaki,Meroki,Neraki,Ogami,Pagroki,Rokami,Somaki,Taroki</Female>
      </Personal>
      <Family>Almok,Bagem,Carok,Degam,Egor,Forak,Gokam,Hokar,Kemok,Lenog,Mogam,Nogram,Okem,Pekom,Ramok,Satok,Tembak</Family>
    </Names>    
    <Description>Short, stocky, muscular humanoids.</Description>
  </Race>
  <Race>
    <Name>Elithiri</Name>
    <Strength>11</Strength>
    <Agility>13</Agility>
    <Intellect>13</Intellect>
    <Toughness>11</Toughness>
    <Endurance>12</Endurance>
    <BaseTemp>292</BaseTemp>
    <PlanetType>Oceanic</PlanetType>
    <Colour>0,0,255</Colour>
    <Scale>0.9</Scale>
    <Names>
      <Personal>
        <Male>MaleName</Male>
        <Female>FemaleName</Female>
      </Personal>
      <Family>FamilyName</Family>
    </Names>
    <Description>Slender humanoids.</Description>
</Race>
  <Race>
    <Name>Ogrish</Name>
    <Strength>15</Strength>
    <Agility>9</Agility>
    <Intellect>10</Intellect>
    <Toughness>14</Toughness>
    <Endurance>12</Endurance>
    <BaseTemp>293</BaseTemp>
    <PlanetType>Rocky</PlanetType>
    <Colour>255,255,0</Colour>
    <Scale>1.2</Scale>
    <Names>
      <Personal>
        <Male>MaleName</Male>
        <Female>FemaleName</Female>
      </Personal>
      <Family>FamilyName</Family>
    </Names>
    <Description>Large, imposing, brutish creatures.</Description>
  </Race>
  <Race>
    <Name>Insectoid</Name>
    <Strength>12</Strength>
    <Agility>14</Agility>
    <Intellect>10</Intellect>
    <Toughness>12</Toughness>
    <Endurance>12</Endurance>
    <BaseTemp>298</BaseTemp>
    <PlanetType>Desert</PlanetType>
    <Colour>0,255,0</Colour>
    <Scale>1.0</Scale>
    <Names>
      <Personal>
        <Neuter>NeuterName</Neuter>
      </Personal>
      <Family>FamilyName</Family>
    </Names>
    <Description>Humanoid insects</Description>
  </Race>
  <Race>
    <Name>Grey</Name>
    <Strength>10</Strength>
    <Agility>12</Agility>
    <Intellect>15</Intellect>
    <Toughness>11</Toughness>
    <Endurance>12</Endurance>
    <BaseTemp>293</BaseTemp>
    <PlanetType>Oceanic</PlanetType>
    <Colour>140,140,140</Colour>
    <Scale>1.0</Scale>
    <Names>
      <Personal>
        <Neuter>Ek'thrish,</Neuter>
      </Personal>
      <Family>FamilyName</Family>
    </Names>
    <Description>Big brains, like in traditional ET films</Description>
  </Race>
  <Race>
    <Name>Ursalon</Name>
    <Strength>13</Strength>
    <Agility>11</Agility>
    <Intellect>12</Intellect>
    <Toughness>13</Toughness>
    <Endurance>11</Endurance>
    <BaseTemp>289</BaseTemp>
    <PlanetType>Oceanic</PlanetType>
    <Colour>140,85,50</Colour>
    <Scale>1.1</Scale>
    <Names>
      <Personal>
        <Male>MaleName</Male>
        <Female>FemaleName</Female>
      </Personal>
      <Family>FamilyName</Family>
    </Names>
    <Description>Hairy, ursine humanoids.</Description>
  </Race>
</Data>
