﻿<Data>
  <ShipEquipment Name="Cabin">
    <Size>S</Size>
    <Cost>5</Cost>
    <Power>1</Power>
    <Capacity>1</Capacity>
    <Desc>A single bunk room</Desc>
    <Tex>2,2</Tex>
  </ShipEquipment>
  <ShipEquipment Name="Bunk Room">
    <Size>M</Size>
    <Cost>35</Cost>
    <Power>2</Power>
    <Capacity>3</Capacity>
    <Desc>A larger bunk room with three beds</Desc>
    <Tex>3,2</Tex>
  </ShipEquipment>
  <ShipEquipment Name="Large Bunk Room">
    <Size>L</Size>
    <Cost>350</Cost>
    <Power>3</Power>
    <Capacity>6</Capacity>
    <Desc>A larger bunk room with six beds</Desc>
    <Tex>4,2</Tex>
  </ShipEquipment>
  <ShipEquipment Name="Armoury">
    <Size>S</Size>
    <Cost>75</Cost>
    <Power>5</Power>
    <Armoury/>
    <Desc>An armoury</Desc>
    <Tex>5,2</Tex>
  </ShipEquipment>
  <ShipEquipment Name="Workshop">
    <Size>S</Size>
    <Cost>75</Cost>
    <Power>5</Power>
    <Workshop/>
    <Desc>A workshop</Desc>
    <Tex>1,2</Tex>
  </ShipEquipment>
  <ShipEquipment Name="Medbay">
    <Size>S</Size>
    <Cost>75</Cost>
    <Power>4</Power>
    <Medlab/>
    <Desc>A small medical facility</Desc>
    <Tex>3,6</Tex>
  </ShipEquipment>
  <ShipEquipment Name="Foundry">
    <Size>M</Size>
    <Cost>150</Cost>
    <Power>8</Power>
    <Armoury/>
    <Workshop/>
    <Desc>A foundry</Desc>
    <Tex>7,2</Tex>
    <Race>Ursalon</Race>
  </ShipEquipment>
  <ShipEquipment Name="Auto Repair">
    <Size>M</Size>
    <Cost>250</Cost>
    <Power>8</Power>
    <Repair/>
    <Desc>An auto repair facility, that will heal your ship slowly over time</Desc>
    <Avail>EMR</Avail>
    <Tex>6,2</Tex>
  </ShipEquipment>
  <ShipEquipment Name="Analysis Chamber">
    <Size>M</Size>
    <Cost>300</Cost>
    <Power>7</Power>
    <Medlab/>
    <Research/>
    <Desc>A research / medical chamber based on Grey tech</Desc>
    <Tex>4,6</Tex>
    <Avail>ER</Avail>
    <Race>Grey</Race>
  </ShipEquipment>
  <ShipEquipment Name="Research Lab">
    <Size>M</Size>
    <Cost>500</Cost>
    <Power>8</Power>
    <Research/>
    <Desc>A laboratory for researching bionics advances.</Desc>
    <Avail>ER</Avail>
    <Tex>5,6</Tex>
  </ShipEquipment>
  <ShipEquipment Name="Shield Generator">
    <Cost>1250</Cost>
    <Shield>10</Shield>
    <Power>14</Power>
    <Size>S</Size>
    <Desc>A shield generator</Desc>
    <Avail>MRE</Avail>
    <Tex>1,6</Tex>
  </ShipEquipment>
  <ShipEquipment Name="Surface Scanner">
    <Cost>100</Cost>
    <Size>S</Size>
    <Power>2</Power>
    <Scanner/>
    <Desc>A scanner to search for missions on a planet surface</Desc>
    <Avail>CEMRT</Avail>
    <Tex>6,6</Tex>
  </ShipEquipment>
  <ShipEquipment Name="Colony Builder">
    <Cost>100</Cost>
    <Size>S</Size>
    <Power>2</Power>
    <BuildColony/>
    <Desc>A device which founds a new colony on a suitable planet once it has been cleared of surface anomalies.</Desc>
    <Avail>CEMRT</Avail>
    <Tex>7,6</Tex>
  </ShipEquipment>
  <ShipEquipment Name="Chameleon Device">
    <Cost>1500</Cost>
    <Defence>3</Defence>
    <Power>16</Power>
    <Size>S</Size>
    <Desc>A chameleon device</Desc>
    <Avail>MRE</Avail>
    <Tex>1,7</Tex>
  </ShipEquipment>
  <ShipEquipment Name="Cloaking Device">
    <Cost>3500</Cost>
    <Defence>6</Defence>
    <Power>20</Power>
    <Size>M</Size>
    <Desc>A cloaking device</Desc>
    <Avail>MRE</Avail>
    <Tex>2,7</Tex>
  </ShipEquipment>
  <ShipEquipment Name="Targetting AI">
    <Cost>75</Cost>
    <Attack>3</Attack>
    <Power>3</Power>
    <Size>S</Size>
    <Desc>An AI subsystem that increases Ship attack strength</Desc>
    <Avail>MRE</Avail>
    <Tex>2,6</Tex>
    <Race>Human</Race>
  </ShipEquipment>
  <ShipEquipment Name="Fission Core">
    <Size>C</Size>
    <Cost>20</Cost>
    <Generate>25</Generate>
    <Desc>A fission-based power core</Desc>
    <Avail>MRE</Avail>
    <Tex>1,1</Tex>
  </ShipEquipment>
  <ShipEquipment Name="Advanced Fission Core">
    <Size>C</Size>
    <Cost>35</Cost>
    <Generate>35</Generate>
    <Desc>An advanced fission-based power core</Desc>
    <Avail>MRE</Avail>
    <Tex>2,1</Tex>
  </ShipEquipment>
  <ShipEquipment Name="Fusion Core">
    <Size>C</Size>
    <Cost>130</Cost>
    <Generate>60</Generate>
    <Desc>A fusion-based power core</Desc>
    <Avail>MRE</Avail>
    <Tex>3,1</Tex>
  </ShipEquipment>
  <ShipEquipment Name="Advanced Fusion Core">
    <Size>C</Size>
    <Cost>195</Cost>
    <Generate>75</Generate>
    <Desc>An advanced fusion-based power core</Desc>
    <Avail>MRE</Avail>
    <Tex>4,1</Tex>
  </ShipEquipment>
  <ShipEquipment Name="Dark Core">
    <Size>C</Size>
    <Cost>850</Cost>
    <Generate>90</Generate>
    <Desc>A dark-matter-based power core</Desc>
    <Avail>RE</Avail>
    <Tex>5,1</Tex>
  </ShipEquipment>
  <ShipEquipment Name="Advanced Dark Core">
    <Size>C</Size>
    <Cost>1200</Cost>
    <Generate>110</Generate>
    <Desc>An advanced dark-matter-based power core</Desc>
    <Avail>RE</Avail>
    <Tex>6,1</Tex>
  </ShipEquipment>
</Data>
  