﻿<Data>
  <!-- Weapons for Soldiers -->
  <WeaponType Name="Shotgun">
    <Mass>2.5</Mass>
    <Cost>10</Cost>
    <Rarity>3</Rarity>
    <Speed>14</Speed>
    <Range Accuracy="2" DropOff="1.0">6</Range>
    <Damage>6+3</Damage>
    <Desc>A double-barrelled shotgun</Desc>
    <Sound>ShotgunAndReload</Sound>
    <Materials>
      <Material Name="Steel" Amount="3"/>
      <Material Name="Aluminium" Amount="1"/>
      <Material Name="Copper" Amount="1"/>
      <Material Name="Carbon" Amount="1"/>
    </Materials>
  </WeaponType>
  <WeaponType Name="Quad Shotgun">
    <Mass>4.0</Mass>
    <Cost>50</Cost>
    <Rarity>9</Rarity>
    <Speed>16</Speed>
    <Range Accuracy="3" DropOff="1.0">6</Range>
    <Damage>7+4</Damage>
    <Desc>A powerful shotgun with 4 barrels instead of 2.</Desc>
    <Sound>ShotgunAndReload</Sound>
    <Materials>
      <Material Name="Steel" Amount="4"/>
      <Material Name="Aluminium" Amount="2"/>
      <Material Name="Copper" Amount="2"/>
      <Material Name="Carbon" Amount="1"/>
    </Materials>
  </WeaponType>
  <WeaponType Name="Pistol">
    <Mass>0.7</Mass>
    <Cost>6</Cost>
    <Rarity>2</Rarity>
    <Speed>8</Speed>
    <Range Accuracy="0" DropOff="0.5">8</Range>
    <Damage>2+2</Damage>
    <Desc>A pistol</Desc>
    <Sound>Pistol</Sound>
    <Materials>
      <Material Name="Steel" Amount="1"/>
      <Material Name="Aluminium" Amount="1"/>
      <Material Name="Copper" Amount="1"/>
    </Materials>
  </WeaponType>
  <WeaponType Name="Automatic Rifle">
    <Mass>3.0</Mass>
    <Cost>12</Cost>
    <Rarity>5</Rarity>
    <Speed>13</Speed>
    <Range Accuracy="0" DropOff="0.5">10</Range>
    <Damage>5+2</Damage>
    <Desc>An automatic rifle</Desc>
    <Sound>MachineGun</Sound>
    <Materials>
      <Material Name="Steel" Amount="4"/>
      <Material Name="Aluminium" Amount="1"/>
      <Material Name="Copper" Amount="1"/>
    </Materials>
  </WeaponType>
  <WeaponType Name="Heavy Rifle">
    <Mass>12.0</Mass>
    <Cost>55</Cost>
    <Rarity>10</Rarity>
    <Speed>15</Speed>
    <Range Accuracy="0" DropOff="0.8">10</Range>
    <Damage>7+4</Damage>
    <Desc>A heavy automatic rifle</Desc>
    <Sound>HeavyMachineGun</Sound>
    <Materials>
      <Material Name="Steel" Amount="10"/>
      <Material Name="Aluminium" Amount="3"/>
      <Material Name="Copper" Amount="2"/>
    </Materials>
  </WeaponType>
  <WeaponType Name="Gauss Cannon">
    <Mass>15.0</Mass>
    <Cost>75</Cost>
    <Rarity>14</Rarity>
    <Speed>20</Speed>
    <Range Accuracy="0" DropOff="0.7">14</Range>
    <Damage>9+5</Damage>
    <Desc>A heavy railgun</Desc>
    <Sound>GaussCannon</Sound>
    <Stable/>
    <Materials>
      <Material Name="Steel" Amount="11"/>
      <Material Name="Aluminium" Amount="3"/>
      <Material Name="Copper" Amount="2"/>
      <Material Name="Tungsten" Amount="1"/>
    </Materials>
  </WeaponType>
  <WeaponType Name="Arc Rifle">
    <Mass>5.0</Mass>
    <Cost>36</Cost>
    <Rarity>9</Rarity>
    <Speed>12</Speed>
    <Range Accuracy="0" DropOff="1.0">6</Range>
    <Damage>6+4</Damage>
    <Type>Electrical</Type>
    <Desc>An arc thrower that sends out electrical discharges towards the target.</Desc>
    <Sound>Electricity</Sound>
    <Materials>
      <Material Name="Steel" Amount="3"/>
      <Material Name="Aluminium" Amount="2"/>
      <Material Name="Copper" Amount="4"/>
      <Material Name="Rare Earth Metals" Amount="1"/>
    </Materials>
  </WeaponType>
  <WeaponType Name="Heavy Arc Rifle">
    <Mass>12.0</Mass>
    <Cost>70</Cost>
    <Rarity>14</Rarity>
    <Speed>14</Speed>
    <Range Accuracy="1" DropOff="1.1">6</Range>
    <Damage>7+5</Damage>
    <Type>Electrical</Type>
    <Desc>A heavy arc thrower that sends out electrical discharges towards the target.</Desc>
    <Sound>Electricity</Sound>
    <Materials>
      <Material Name="Steel" Amount="9"/>
      <Material Name="Aluminium" Amount="6"/>
      <Material Name="Copper" Amount="10"/>
      <Material Name="Rare Earth Metals" Amount="2"/>
    </Materials>
  </WeaponType>
  <WeaponType Name="Flame Thrower">
    <Mass>14.0</Mass>
    <Cost>90</Cost>
    <Rarity>12</Rarity>
    <Speed>14</Speed>
    <Range Accuracy="5">4</Range>
    <Damage Area="2">2+3</Damage>
    <Type>Fire</Type>
    <Desc>A flame thrower</Desc>
    <Sound>Flamethrower</Sound>
    <ItemEffect Name="Flame Thrower">
      <Effect Name="Burning">
        <Duration>3</Duration>        
        <Damage Type="Fire">3</Damage>
      </Effect>
    </ItemEffect>    
    <Materials>
      <Material Name="Steel" Amount="12"/>
      <Material Name="Plastic" Amount="2"/>
      <Material Name="Aluminium" Amount="2"/>
      <Material Name="Industrial Chemicals" Amount="5"/>
      <Material Name="Copper" Amount="1"/>
    </Materials>
  </WeaponType>
  <WeaponType Name="Grenade Launcher">
    <Mass>8.0</Mass>
    <Cost>50</Cost>
    <Rarity>12</Rarity>
    <Speed>16</Speed>
    <Range Accuracy="0">10</Range>
    <Damage Area="2">3+4</Damage>
    <Desc>A grenade launcher thrower</Desc>
    <Sound>GrenadeLauncher</Sound>
    <Materials>
      <Material Name="Steel" Amount="8"/>
      <Material Name="Plastic" Amount="2"/>
      <Material Name="Aluminium" Amount="2"/>
      <Material Name="Industrial Chemicals" Amount="1"/>
      <Material Name="Copper" Amount="1"/>
    </Materials>
  </WeaponType>
  <WeaponType Name="Sniper Rifle">
    <Mass>2.5</Mass>
    <Cost>15</Cost>
    <Rarity>5</Rarity>
    <Speed>22</Speed>
    <Range Accuracy="3" DropOff="0.2">20</Range>
    <Damage>5+4</Damage>
    <Desc>A sniper rifle</Desc>
    <Sound>SniperRifle</Sound>
    <Stable/>
    <Materials>
      <Material Name="Steel" Amount="3"/>
      <Material Name="Aluminium" Amount="2"/>
      <Material Name="Copper" Amount="1"/>
    </Materials>
  </WeaponType>
  <WeaponType Name="Gauss Sniper Rifle">
    <Mass>4.5</Mass>
    <Cost>120</Cost>
    <Rarity>18</Rarity>
    <Speed>26</Speed>
    <Range Accuracy="3" DropOff="0.18">22</Range>
    <Damage>7+4</Damage>
    <Desc>A light railgun converted to a sniper rifle</Desc>
    <Sound>GaussSniper</Sound>
    <Stable/>
    <Materials>
      <Material Name="Steel" Amount="11"/>
      <Material Name="Aluminium" Amount="3"/>
      <Material Name="Copper" Amount="2"/>
      <Material Name="Tungsten" Amount="1"/>
      <Material Name="Rare Earth Metals" Amount="1"/>
    </Materials>
  </WeaponType>
  <WeaponType Name="Shortblade">
    <Mass>1.0</Mass>
    <Cost>4</Cost>
    <Rarity>3</Rarity>
    <Speed>10</Speed>
    <Range Accuracy="1">1</Range>
    <Damage>2+2</Damage>
    <Desc>A sharp bladed weapon</Desc>
    <Sound>SwordSlice</Sound>
    <Materials>
      <Material Name="Steel" Amount="1"/>
    </Materials>
  </WeaponType>
  <WeaponType Name="Powerblade">
    <Mass>1.5</Mass>
    <Cost>50</Cost>
    <Rarity>14</Rarity>
    <Speed>10</Speed>
    <Range Accuracy="1">1</Range>
    <Damage>3+3</Damage>
    <Desc>A sharp bladed weapon powered by complex electrical forces</Desc>
    <Sound>SwordSlice</Sound>
    <Materials>
      <Material Name="Steel" Amount="1"/>
      <Material Name="Industrial Chemicals" Amount="3"/>
      <Material Name="Copper" Amount="4"/>
      <Material Name="Rare Earth Metals" Amount="1"/>
    </Materials>
  </WeaponType>
  <WeaponType Name="Axe">
    <Mass>2.0</Mass>
    <Cost>5</Cost>
    <Rarity>4</Rarity>
    <Speed>10</Speed>
    <Range>1</Range>
    <Damage>3+2</Damage>
    <Desc>A sturdy axe</Desc>
    <Sound>SwordSlice</Sound>
    <Materials>
      <Material Name="Steel" Amount="2"/>
      <Material Name="Rubber" Amount="1"/>
    </Materials>
  </WeaponType>
  <WeaponType Name="Power Axe">
    <Mass>2.5</Mass>
    <Cost>56</Cost>
    <Rarity>15</Rarity>
    <Speed>10</Speed>
    <Range>1</Range>
    <Damage>4+3</Damage>
    <Desc>A sturdy axe powered by complex electrical forces</Desc>
    <Sound>SwordSlice</Sound>
    <Materials>
      <Material Name="Steel" Amount="2"/>
      <Material Name="Rubber" Amount="1"/>
      <Material Name="Industrial Chemicals" Amount="3"/>
      <Material Name="Copper" Amount="4"/>
      <Material Name="Rare Earth Metals" Amount="1"/>
    </Materials>
  </WeaponType>
  <WeaponType Name="Chainsword">
    <Mass>3.0</Mass>
    <Cost>26</Cost>
    <Rarity>9</Rarity>
    <Speed>11</Speed>
    <Range>1</Range>
    <Damage>3+4</Damage>
    <Desc>A whirring chainsaw in a sword shape</Desc>
    <Sound>Chainsaw</Sound>
    <Materials>
      <Material Name="Steel" Amount="3"/>
      <Material Name="Aluminium" Amount="1"/>
      <Material Name="Copper" Amount="1"/>
      <Material Name="Rubber" Amount="1"/>
    </Materials>
  </WeaponType>
  <WeaponType Name="Claws">
    <Speed>10</Speed>
    <Range>1</Range>
    <Damage>4+3</Damage>
    <Sound>Claws</Sound>
    <Hidden/>
  </WeaponType>
  <WeaponType Name="Club">
    <Speed>12</Speed>
    <Range>1</Range>
    <Damage>4+4</Damage>
    <Sound>Strike</Sound>
    <Hidden/>
  </WeaponType>
  <WeaponType Name="Bite">
    <Speed>10</Speed>
    <Range>1</Range>
    <Damage>4+3</Damage>
    <Sound>Bite</Sound>
    <Hidden/>
  </WeaponType>
  <WeaponType Name="Poisonous Bite">
    <Speed>10</Speed>
    <Range>1</Range>
    <Damage>3+3</Damage>
    <Sound>Bite</Sound>
    <ItemEffect Name="Bite Poison">
      <Effect Name="Bite Poison">
        <Duration>2</Duration>
        <Damage Type="Poison">2</Damage>
      </Effect>
    </ItemEffect>
    <Hidden/>
  </WeaponType>
  <WeaponType Name="Tentacle">
    <Speed>10</Speed>
    <Range>2</Range>
    <Damage>2+3</Damage>
    <Sound>Whip</Sound>
    <ItemEffect Name="Tentacle Sting">
      <Effect Name="Triffid Sting">
        <Duration>2</Duration>
        <Damage Type="Poison">2</Damage>
      </Effect>
    </ItemEffect>
    <Hidden/>
  </WeaponType>
  <WeaponType Name="Spores">
    <Speed>12</Speed>
    <Range DropOff="0.6">6</Range>
    <Damage>2+2</Damage>
    <Type>Poison</Type>
    <Sound>Spore</Sound>
    <ItemEffect Name="Spore Toxin">
      <Effect Name="Spore Toxin">
        <Duration>2</Duration>
        <Damage Type="Poison">2</Damage>
      </Effect>
    </ItemEffect>
    <Hidden/>
  </WeaponType>
  <WeaponType Name="Heavy Spores">
    <Speed>14</Speed>
    <Range DropOff="0.6">8</Range>
    <Damage>3+3</Damage>
    <Type>Poison</Type>
    <Sound>Spore</Sound>
    <ItemEffect Name="Spore Toxin">
      <Effect Name="Spore Toxin">
        <Duration>3</Duration>
        <Damage Type="Poison">3</Damage>
      </Effect>
    </ItemEffect>
    <Hidden/>
  </WeaponType>
  <WeaponType Name="Sting">
    <Speed>10</Speed>
    <Range>1</Range>
    <Damage>3+3</Damage>
    <Type>Poison</Type>
    <Sound>Claws</Sound>
    <ItemEffect Name="Sting">
      <Effect Name="Sting">
        <Duration>2</Duration>
        <Damage Type="Poison">2</Damage>
      </Effect>
    </ItemEffect>
    <Hidden/>
  </WeaponType>
  <WeaponType Name="Slime Spitter">
    <Speed>12</Speed>
    <Range DropOff="0.6">7</Range>
    <Damage>3+3</Damage>
    <Type>Acid</Type>
    <Sound>Spore</Sound>
    <ItemEffect Name="Slimed">
      <Effect Name="Slimed">
        <Duration>3</Duration>
        <StatMods>
          <Mod Stat="Agility">-1</Mod>
        </StatMods>
        <SpeedMod>0.75</SpeedMod>
      </Effect>
    </ItemEffect>
    <Hidden/>
  </WeaponType>
  <WeaponType Name="Slime Bite">
    <Speed>12</Speed>
    <Damage>3+3</Damage>
    <Range>1</Range>
    <Type>Acid</Type>
    <Sound>Spore</Sound>
    <ItemEffect Name="Slimed">
      <Effect Name="Slimed">
        <Duration>3</Duration>
        <StatMods>
          <Mod Stat="Agility">-1</Mod>
        </StatMods>
        <SpeedMod>0.75</SpeedMod>
      </Effect>
    </ItemEffect>
    <Hidden/>
  </WeaponType>
  <WeaponType Name="Xenoblades">
    <Speed>10</Speed>
    <Range>1</Range>
    <Damage>5+4</Damage>
    <Sound>Claws</Sound>
    <Hidden/>
  </WeaponType>
  <WeaponType Name="Greatsword">
    <Speed>14</Speed>
    <Range>1</Range>
    <Damage>5+5</Damage>
    <Sound>SwordSlice</Sound>
    <Hidden/>
  </WeaponType>
</Data>
