﻿<Data>
  <CreatureType Name="Arachnid Drone">
    <LevelRange>1,10</LevelRange>
    <Attack>10</Attack>
    <Defence>10</Defence>
    <Armour>10</Armour>
    <Health>8</Health>
    <Stamina>16</Stamina>
    <BodyType>Arachnid</BodyType>
    <Col1>60, 50, 40</Col1>
    <Col2>80, 80, 80</Col2>
    <Col3>90, 90, 90</Col3>
    <Desc>A small spider-like creature</Desc>
    <Resistances>
      <Resistance Type="Poison" Value="40"/>
    </Resistances>
  </CreatureType>
  <CreatureType Name="Giant Arachnid">
    <LevelRange>1,10</LevelRange>
    <Attack>14</Attack>
    <Defence>14</Defence>
    <Armour>14</Armour>
    <Health>12</Health>
    <Stamina>18</Stamina>
    <BodyType>Arachnid</BodyType>
    <Col1>60, 50, 40</Col1>
    <Col2>80, 80, 80</Col2>
    <Col3>90, 90, 90</Col3>
    <Desc>A large spider-like creature</Desc>
    <Resistances>
      <Resistance Type="Poison" Value="50"/>
    </Resistances>
    <Weapons>
      <Weapon Weight="1">Poisonous Bite</Weapon>
    </Weapons>
  </CreatureType>
  <CreatureType Name="Arachnid Soldier">
    <Size>2</Size>
    <LevelRange>2,15</LevelRange>
    <Attack>18</Attack>
    <Defence>16</Defence>
    <Armour>18</Armour>
    <Health>14</Health>
    <Stamina>18</Stamina>
    <BodyType>Arachnid</BodyType>
    <Col1>60, 50, 40</Col1>
    <Col2>80, 80, 80</Col2>
    <Col3>90, 90, 90</Col3>
    <Desc>A large spider-like creature with huge pincers</Desc>
    <Resistances>
      <Resistance Type="Poison" Value="75"/>
    </Resistances>
    <Weapons>
      <Weapon Weight="1">Poisonous Bite</Weapon>
    </Weapons>
  </CreatureType>
  <CreatureType Name="Arachnid Queen">
    <Size>3</Size>
    <LevelRange>5,20</LevelRange>
    <Attack>24</Attack>
    <Defence>14</Defence>
    <Armour>22</Armour>
    <Health>20</Health>
    <Stamina>18</Stamina>
    <BodyType>Arachnid</BodyType>
    <Col1>60, 50, 40</Col1>
    <Col2>80, 80, 80</Col2>
    <Col3>90, 90, 90</Col3>
    <Desc>A queen arachnid</Desc>
    <Boss/>
    <Resistances>
      <Resistance Type="Poison" Value="100"/>
    </Resistances>
    <Weapons>
      <Weapon Weight="1">Poisonous Bite</Weapon>
    </Weapons>
  </CreatureType>
</Data>

