﻿<Data>
  <!--Enemy creatures -->
  <CreatureType Name="Rogue">
    <Scale>0.9</Scale>
    <LevelRange>1,10</LevelRange>
    <Attack>10</Attack>
    <Defence>8</Defence>
    <Armour>18</Armour>
    <Health>11</Health>
    <Stamina>14</Stamina>
    <Interact/>
    <Col1>120, 90, 60</Col1>
    <Col2>170, 170, 170</Col2>
    <Col3>120, 120, 120</Col3>
    <Desc>A rogue</Desc>
    <Weapons>
      <Weapon Weight="2">Shortblade</Weapon>
      <Weapon Weight="2">Axe</Weapon>
      <Weapon Weight="1">Shotgun</Weapon>
      <Weapon Weight="3">Pistol</Weapon>
      <Weapon Weight="1">Automatic Rifle</Weapon>
    </Weapons>
  </CreatureType>
  <CreatureType Name="Bandit">
    <LevelRange>1,10</LevelRange>
    <Attack>12</Attack>
    <Defence>10</Defence>
    <Armour>22</Armour>
    <Health>12</Health>
    <Stamina>15</Stamina>
    <Interact/>
    <Col1>120, 90, 60</Col1>
    <Col2>180, 160, 140</Col2>
    <Col3>200, 160, 120</Col3>
    <Desc>A bandit</Desc>
    <Weapons>
      <Weapon Weight="2">Shortblade</Weapon>
      <Weapon Weight="2">Axe</Weapon>
      <Weapon Weight="1">Shotgun</Weapon>
      <Weapon Weight="3">Pistol</Weapon>
      <Weapon Weight="1">Automatic Rifle</Weapon>
    </Weapons>
  </CreatureType>
  <CreatureType Name="Mercenary">
    <LevelRange>1,20</LevelRange>
    <Attack>13</Attack>
    <Defence>11</Defence>
    <Armour>25</Armour>
    <Health>14</Health>
    <Stamina>17</Stamina>
    <Interact/>
    <Col1>120, 120, 120</Col1>
    <Col2>180, 160, 140</Col2>
    <Col3>170, 170, 170</Col3>
    <Desc>A mercenary</Desc>
    <Weapons>
      <Weapon Weight="2">Shotgun</Weapon>
      <Weapon Weight="1">Sniper Rifle</Weapon>
      <Weapon Weight="2">Shortblade</Weapon>
      <Weapon Weight="2">Axe</Weapon>
      <Weapon Weight="2">Automatic Rifle</Weapon>
    </Weapons>
  </CreatureType>
  <CreatureType Name="Enforcer">
    <Scale>1.05</Scale>
    <LevelRange>1,15</LevelRange>
    <Attack>14</Attack>
    <Defence>12</Defence>
    <Armour>26</Armour>
    <Health>16</Health>
    <Stamina>17</Stamina>
    <Interact/>
    <Col1>120, 90, 60</Col1>
    <Col2>180, 160, 140</Col2>
    <Col3>170, 170, 170</Col3>
    <Desc>A bandit enforcer</Desc>
    <Weapons>
      <Weapon Weight="2">Shotgun</Weapon>
      <Weapon Weight="3">Chainsword</Weapon>
      <Weapon Weight="2">Powerblade</Weapon>
      <Weapon Weight="1">Automatic Rifle</Weapon>
      <Weapon Weight="1">Heavy Rifle</Weapon>
    </Weapons>
  </CreatureType>
  <CreatureType Name="Bandit Leader">
    <Scale>1.1</Scale>
    <LevelRange>4,18</LevelRange>
    <Attack>15</Attack>
    <Defence>13</Defence>
    <Armour>30</Armour>
    <Health>20</Health>
    <Stamina>18</Stamina>
    <Interact/>
    <Col1>180, 140, 100</Col1>
    <Col2>130, 130, 130</Col2>
    <Col3>200, 160, 120</Col3>
    <Desc>A bandit leader</Desc>
    <Weapons>
      <Weapon Weight="2">Shotgun</Weapon>
      <Weapon Weight="3">Chainsword</Weapon>
      <Weapon Weight="2">Automatic Rifle</Weapon>
    </Weapons>
    <Boss/>
  </CreatureType>
</Data>

