﻿<Data>
  <CreatureType Name="Giant Bug">
    <Scale>0.8</Scale>
    <LevelRange>1,5</LevelRange>
    <Attack>9</Attack>
    <Defence>6</Defence>
    <Health>8</Health>
    <Stamina>14</Stamina>
    <Armour>8</Armour>
    <BodyType>Bug</BodyType>
    <Col1>60, 50, 40</Col1>
    <Col2>80, 80, 80</Col2>
    <Col3>100, 100, 100</Col3>
    <Scavenge>
      <Item Amount="0.3">Chitin</Item>
    </Scavenge>
    <Desc>A large bug. Yuck.</Desc>
  </CreatureType>
  <CreatureType Name="Armoured Bug">
    <Scale>0.95</Scale>
    <LevelRange>1,5</LevelRange>
    <Attack>9</Attack>
    <Defence>7</Defence>
    <Health>10</Health>
    <Stamina>14</Stamina>
    <Armour>22</Armour>
    <BodyType>Bug</BodyType>
    <Col1>60, 50, 40</Col1>
    <Col2>90, 90, 90</Col2>
    <Col3>100, 100, 100</Col3>
    <Scavenge>
      <Item Amount="0.6">Chitin</Item>
    </Scavenge>
    <Desc>A large bug with thick armour. Yuck.</Desc>
  </CreatureType>
  <CreatureType Name="Soldier Bug">
    <Scale>1.1</Scale>
    <LevelRange>1,5</LevelRange>
    <Attack>13</Attack>
    <Defence>8</Defence>
    <Health>12</Health>
    <Stamina>16</Stamina>
    <Armour>16</Armour>
    <BodyType>Bug</BodyType>
    <Col1>60, 50, 40</Col1>
    <Col2>90, 90, 90</Col2>
    <Col3>110, 110, 110</Col3>
    <Desc>A large bug with big mandibles. Yuck.</Desc>
    <Resistances>
      <Resistance Type="Acid" Value="50"/>
    </Resistances>
    <Scavenge>
      <Item Amount="0.8">Chitin</Item>
    </Scavenge>
  </CreatureType>
</Data>
