﻿<Data>
  <CreatureType Name="Shadow Minion">
    <LevelRange>5,12</LevelRange>
    <Attack>12</Attack>
    <Defence>18</Defence>
    <Armour>18</Armour>
    <Health>13</Health>
    <Stamina>19</Stamina>
    <Interact/>
    <BodyType>ShadowBeast</BodyType>
    <Col1>60, 50, 40</Col1>
    <Col2>70, 70, 70</Col2>
    <Col3>80, 80, 80</Col3>
    <Desc>A shadowy beast with deep, fiery red eyes</Desc>
    <Weapons>
      <Weapon Weight="1">Claws</Weapon>
    </Weapons>
    <Resistances>
      <Resistance Type="Acid" Value="100"/>
      <Resistance Type="Physical" Value="20"/>
      <Resistance Type="Electrical" Value="120"/>
    </Resistances>
  </CreatureType>
  <CreatureType Name="Shadow Beast">
    <LevelRange>6,13</LevelRange>
    <Attack>14</Attack>
    <Defence>19</Defence>
    <Armour>19</Armour>
    <Health>14</Health>
    <Stamina>19</Stamina>
    <Interact/>
    <BodyType>ShadowBeast</BodyType>
    <Col1>60, 50, 40</Col1>
    <Col2>70, 70, 70</Col2>
    <Col3>80, 80, 80</Col3>
    <Desc>A shadowy beast with deep, fiery red eyes</Desc>
    <Weapons>
      <Weapon Weight="1">Claws</Weapon>
    </Weapons>
    <Resistances>
      <Resistance Type="Acid" Value="100"/>
      <Resistance Type="Physical" Value="20"/>
      <Resistance Type="Electrical" Value="120"/>
    </Resistances>
  </CreatureType>
  <CreatureType Name="Shadow Alpha">
    <LevelRange>7,14</LevelRange>
    <Attack>15</Attack>
    <Defence>20</Defence>
    <Armour>20</Armour>
    <Health>15</Health>
    <Stamina>19</Stamina>
    <Interact/>
    <BodyType>ShadowBeast</BodyType>
    <Col1>60, 50, 40</Col1>
    <Col2>70, 70, 70</Col2>
    <Col3>80, 80, 80</Col3>
    <Desc>A shadowy beast with deep, fiery red eyes</Desc>
    <Weapons>
      <Weapon Weight="1">Claws</Weapon>
    </Weapons>
    <Resistances>
      <Resistance Type="Acid" Value="100"/>
      <Resistance Type="Physical" Value="20"/>
      <Resistance Type="Electrical" Value="120"/>
    </Resistances>
    <Boss/>
  </CreatureType>
</Data>

