﻿<Data>
  <CreatureType Name="Slimeling">
    <Scale>0.8</Scale>
    <LevelRange>1,4</LevelRange>
    <Attack>7</Attack>
    <Defence>6</Defence>
    <Health>7</Health>
    <Stamina>16</Stamina>
    <Armour>4</Armour>
    <BodyType>Slime</BodyType>
    <MovementCost>4.0</MovementCost>
    <Col1>0, 240, 10</Col1>
    <Col2>0, 190, 0</Col2>
    <Col3>90, 255, 120</Col3>
    <Desc>A small, sentient ball of slime.</Desc>
    <Resistances>
      <Resistance Type="Fire" Value="-30"/>
      <Resistance Type="Poison" Value="100"/>
      <Resistance Type="Acid" Value="80"/>
      <Resistance Type="Physical" Value="50"/>
    </Resistances>
  </CreatureType>
  <CreatureType Name="Slime">
    <Scale>1.0</Scale>
    <LevelRange>1,6</LevelRange>
    <Attack>9</Attack>
    <Defence>8</Defence>
    <Health>9</Health>
    <Stamina>16</Stamina>
    <Armour>5</Armour>
    <BodyType>Slime</BodyType>
    <MovementCost>4.0</MovementCost>
    <Col1>0, 230, 10</Col1>
    <Col2>0, 170, 0</Col2>
    <Col3>80, 255, 110</Col3>
    <Desc>A large, sentient ball of slime.</Desc>
    <Weapons>
      <Weapon Weight="1">Slime Bite</Weapon>
    </Weapons>
    <Resistances>
      <Resistance Type="Fire" Value="-30"/>
      <Resistance Type="Poison" Value="100"/>
      <Resistance Type="Acid" Value="80"/>
      <Resistance Type="Physical" Value="50"/>
    </Resistances>
  </CreatureType>
  <CreatureType Name="Slime Spitter">
    <Scale>1.0</Scale>
    <LevelRange>1,6</LevelRange>
    <Attack>9</Attack>
    <Defence>8</Defence>
    <Health>9</Health>
    <Stamina>16</Stamina>
    <Armour>4</Armour>
    <BodyType>Slime</BodyType>
    <MovementCost>6.0</MovementCost>
    <Col1>30, 230, 10</Col1>
    <Col2>30, 180, 0</Col2>
    <Col3>110, 255, 90</Col3>
    <Desc>A large, sentient ball of slime that can spit slime balls.</Desc>
    <Resistances>
      <Resistance Type="Fire" Value="-30"/>
      <Resistance Type="Poison" Value="100"/>
      <Resistance Type="Acid" Value="80"/>
      <Resistance Type="Physical" Value="50"/>
    </Resistances>
    <Weapons>
      <Weapon Weight="1">Slime Spitter</Weapon>
    </Weapons>
  </CreatureType>
</Data>
