﻿<Data>
  <CreatureType Name="Triffid Sapling">
    <Scale>0.7</Scale>
    <LevelRange>1,4</LevelRange>
    <Attack>8</Attack>
    <Defence>5</Defence>
    <Health>8</Health>
    <Stamina>16</Stamina>
    <Armour>8</Armour>
    <BodyType>Plant</BodyType>
    <MovementCost>6.0</MovementCost>
    <Col1>0, 225, 0</Col1>
    <Col2>80, 255, 100</Col2>
    <Col3>0, 120, 0</Col3>
    <Desc>A smaller, more mobile plant with a lashing tentacle.</Desc>
    <Resistances>
      <Resistance Type="Fire" Value="-50"/>
      <Resistance Type="Poison" Value="100"/>
    </Resistances>
    <Weapons>
      <Weapon Weight="1">Tentacle</Weapon>
    </Weapons>
  </CreatureType>  
  <CreatureType Name="Triffid Lasher">
    <Scale>0.8</Scale>
    <LevelRange>1,5</LevelRange>
    <Attack>11</Attack>
    <Defence>6</Defence>
    <Health>10</Health>
    <Stamina>16</Stamina>
    <Armour>12</Armour>
    <BodyType>Plant</BodyType>
    <MovementCost>10.0</MovementCost>
    <Col1>0, 215, 0</Col1>
    <Col2>60, 255, 80</Col2>
    <Col3>0, 110, 0</Col3>
    <Desc>A vicious plant with a lashing tentacle.</Desc>
    <Resistances>
      <Resistance Type="Fire" Value="-50"/>
      <Resistance Type="Poison" Value="100"/>
    </Resistances>
    <Weapons>
      <Weapon Weight="1">Tentacle</Weapon>
    </Weapons>
  </CreatureType>
  <CreatureType Name="Triffid Spore Thrower">
    <Scale>0.8</Scale>
    <LevelRange>1,5</LevelRange>
    <Attack>12</Attack>
    <Defence>6</Defence>
    <Health>10</Health>
    <Stamina>16</Stamina>
    <Armour>14</Armour>
    <BodyType>Plant</BodyType>
    <MovementCost>10.0</MovementCost>
    <Col1>20, 215, 0</Col1>
    <Col2>80, 255, 80</Col2>
    <Col3>20, 110, 0</Col3>
    <Desc>A vicious plant which can hurl poisonous spores.</Desc>
    <Resistances>
      <Resistance Type="Fire" Value="-50"/>
      <Resistance Type="Poison" Value="100"/>
    </Resistances>
    <Weapons>
      <Weapon Weight="1">Spores</Weapon>
    </Weapons>
  </CreatureType>
  <CreatureType Name="Triffid Mother Plant">
    <Size>2</Size>
    <LevelRange>2,7</LevelRange>
    <Attack>15</Attack>
    <Defence>6</Defence>
    <Health>22</Health>
    <Stamina>18</Stamina>
    <Armour>20</Armour>
    <BodyType>Plant</BodyType>
    <MovementCost>999.0</MovementCost>
    <Boss/>
    <Col1>0, 205, 0</Col1>
    <Col2>40, 255, 60</Col2>
    <Col3>0, 100, 0</Col3>
    <Desc>A huge plant which can hurl large, poisonous spores.</Desc>
    <Resistances>
      <Resistance Type="Fire" Value="-50"/>
      <Resistance Type="Poison" Value="100"/>
    </Resistances>
    <Weapons>
      <Weapon Weight="1">Heavy Spores</Weapon>
    </Weapons>
    <Boss/>
  </CreatureType>
</Data>
