﻿<Data>
  <CreatureType Name="Fire Lizard">
    <LevelRange>1,10</LevelRange>
    <Attack>10</Attack>
    <Defence>10</Defence>
    <Health>11</Health>
    <Stamina>16</Stamina>
    <Armour>10</Armour>
    <BodyType>Lizard</BodyType>
    <Col1>100, 60, 40</Col1>
    <Col2>200, 115, 90</Col2>
    <Col3>190, 105, 80</Col3>
    <Desc>A large red lizard with a think skin</Desc>
    <Weapons>
      <Weapon Weight="1">Bite</Weapon>
    </Weapons>
    <Resistances>
      <Resistance Type="Fire" Value="25"/>
      <Resistance Type="Cold" Value="-25"/>
    </Resistances>
  </CreatureType>
  <CreatureType Name="Rock Viper">
    <LevelRange>1,10</LevelRange>
    <Attack>12</Attack>
    <Defence>11</Defence>
    <Health>10</Health>
    <Stamina>16</Stamina>
    <Armour>10</Armour>
    <BodyType>Snake</BodyType>
    <Col1>200, 120, 0</Col1>
    <Col2>240, 170, 40</Col2>
    <Col3>220, 160, 20</Col3>
    <Desc>A large snake with a vicious bite</Desc>
    <Weapons>
      <Weapon Weight="1">Bite</Weapon>
    </Weapons>
    <Resistances>
      <Resistance Type="Fire" Value="25"/>
      <Resistance Type="Poison" Value="50"/>
      <Resistance Type="Cold" Value="-25"/>
    </Resistances>
  </CreatureType>
  <CreatureType Name="Lava Beetle">
    <LevelRange>1,10</LevelRange>
    <Attack>12</Attack>
    <Defence>10</Defence>
    <Health>11</Health>
    <Stamina>16</Stamina>
    <Armour>20</Armour>
    <BodyType>Beetle</BodyType>
    <Col1>70, 50, 40</Col1>
    <Col2>80, 70, 70</Col2>
    <Col3>90, 80, 80</Col3>
    <Desc>A large carnivorous beetle</Desc>
    <Weapons>
      <Weapon Weight="1">Bite</Weapon>
    </Weapons>
    <Resistances>
      <Resistance Type="Fire" Value="25"/>
      <Resistance Type="Cold" Value="-25"/>
    </Resistances>
    <Scavenge>
      <Item Amount="0.25">Chitin</Item>
      <Item Amount="0.25">Vulcanin</Item>
    </Scavenge>
  </CreatureType>
  <CreatureType Name="Lava Spider">
    <Size>2</Size>
    <LevelRange>2,12</LevelRange>
    <Attack>14</Attack>
    <Defence>11</Defence>
    <Health>12</Health>
    <Stamina>16</Stamina>
    <Armour>20</Armour>
    <BodyType>Arachnid</BodyType>
    <Col1>70, 50, 40</Col1>
    <Col2>80, 70, 70</Col2>
    <Col3>90, 80, 80</Col3>
    <Desc>A large spider with a vicious bite</Desc>
    <Weapons>
      <Weapon Weight="1">Bite</Weapon>
    </Weapons>
    <Resistances>
      <Resistance Type="Poison" Value="25"/>
      <Resistance Type="Fire" Value="25"/>
      <Resistance Type="Cold" Value="-25"/>
    </Resistances>
  </CreatureType>
  <CreatureType Name="Fire Dragon">
    <Size>2</Size>
    <LevelRange>6,15</LevelRange>
    <Attack>15</Attack>
    <Defence>12</Defence>
    <Health>25</Health>
    <Stamina>22</Stamina>
    <Armour>32</Armour>
    <BodyType>Dragon</BodyType>
    <Col1>70, 50, 40</Col1>
    <Col2>130, 90, 90</Col2>
    <Col3>150, 100, 100</Col3>
    <Desc>A horse-sized dragon that breathes fire.</Desc>
    <Weapons>
      <Weapon Weight="1">Claws</Weapon>
    </Weapons>
    <Resistances>
      <Resistance Type="Fire" Value="50"/>
      <Resistance Type="Cold" Value="-25"/>
    </Resistances>
    <Scavenge>
      <Item Amount="2.5">Vulcanin</Item>
    </Scavenge>
    <Boss/>
  </CreatureType>
</Data>